tar_name,filepath,hash
timeseries_png_84c5fa21,3_visualize/out/timeseries_AK.png,aaf7db1fc91f9ee1
timeseries_png_07c5158f,3_visualize/out/timeseries_AL.png,cdfcca9e6c14d1cb
timeseries_png_b78c150b,3_visualize/out/timeseries_AR.png,a29c256bfc7a3355
timeseries_png_b7c64be4,3_visualize/out/timeseries_AZ.png,d097faf8b412b2a9
timeseries_png_6c298027,3_visualize/out/timeseries_CA.png,70331fc96a52869e
timeseries_png_59b10669,3_visualize/out/timeseries_CO.png,1233d102c7832b14
timeseries_png_5cdadcd9,3_visualize/out/timeseries_CT.png,253f25155daa1729
timeseries_png_dbed451e,3_visualize/out/timeseries_DC.png,48c2f48cdf7e6559
timeseries_png_907cc774,3_visualize/out/timeseries_DE.png,b9348e64ef303764
timeseries_png_e03e4b2f,3_visualize/out/timeseries_FL.png,a7324af488df4953
timeseries_png_a323745b,3_visualize/out/timeseries_GA.png,8d1b4ab741609e6a
timeseries_png_0e864274,3_visualize/out/timeseries_GU.png,acaaf51d6da52d9a
timeseries_png_e009ac03,3_visualize/out/timeseries_HI.png,cd215f84a1431366
timeseries_png_ad39b645,3_visualize/out/timeseries_IA.png,7e22dcb53a7f53e3
timeseries_png_43180d8f,3_visualize/out/timeseries_ID.png,3990b2e56e69527a
timeseries_png_1d32c592,3_visualize/out/timeseries_IL.png,bae96c10b783946f
timeseries_png_7684bdbd,3_visualize/out/timeseries_IN.png,e2494b0fcbf9116d
timeseries_png_6043d427,3_visualize/out/timeseries_KS.png,f4a34d4c2cb2900c
timeseries_png_c872f547,3_visualize/out/timeseries_KY.png,82bf1a1aeb336291
timeseries_png_5b9e2727,3_visualize/out/timeseries_LA.png,1bc837372f5363c7
timeseries_png_aad68c88,3_visualize/out/timeseries_MA.png,edbd692c5939087d
timeseries_png_8de04797,3_visualize/out/timeseries_MD.png,7049104bf785c136
timeseries_png_144ff46e,3_visualize/out/timeseries_ME.png,3763554200b3ffec
timeseries_png_f6e2f72c,3_visualize/out/timeseries_MI.png,630f484503608c08
timeseries_png_25db016e,3_visualize/out/timeseries_MN.png,143f70de298bdd4c
timeseries_png_17badfe6,3_visualize/out/timeseries_MO.png,2b6ea01a8f43f5a7
timeseries_png_81d861d6,3_visualize/out/timeseries_MS.png,f5e392f29793639d
timeseries_png_9192a860,3_visualize/out/timeseries_MT.png,86fd5d0999323b58
timeseries_png_3f076189,3_visualize/out/timeseries_NC.png,b35283fdadd4d6e1
timeseries_png_9ddd4365,3_visualize/out/timeseries_ND.png,342ff655471a53ca
timeseries_png_d89bdc3f,3_visualize/out/timeseries_NE.png,50c6915b9df9a7f1
timeseries_png_ece4f5a6,3_visualize/out/timeseries_NH.png,64d13309d99b6d7d
timeseries_png_9f33f151,3_visualize/out/timeseries_NJ.png,584a7f09e99a7460
timeseries_png_fe26ec0b,3_visualize/out/timeseries_NM.png,09084ce2a5f4f453
timeseries_png_83e97c3e,3_visualize/out/timeseries_NV.png,99cbc5de95599601
timeseries_png_2c3ddb97,3_visualize/out/timeseries_NY.png,1ceb5788c77cb2b0
timeseries_png_b6bc6103,3_visualize/out/timeseries_OH.png,60d20a85d65f83b9
timeseries_png_38009232,3_visualize/out/timeseries_OK.png,42b665078126e194
timeseries_png_02136dac,3_visualize/out/timeseries_OR.png,b266ab97e281a1fc
timeseries_png_c5294c71,3_visualize/out/timeseries_PA.png,4e049ced76073f6b
timeseries_png_93731ae4,3_visualize/out/timeseries_PR.png,bee66b96e322897a
timeseries_png_181bd0e8,3_visualize/out/timeseries_RI.png,25b24ea229337cd0
timeseries_png_6a9c34f1,3_visualize/out/timeseries_SC.png,7bed21c9728d3161
timeseries_png_4932ec61,3_visualize/out/timeseries_SD.png,ee992b61698b10bb
timeseries_png_bc3e06d8,3_visualize/out/timeseries_TN.png,17bb7f1a4f16581b
timeseries_png_c865db61,3_visualize/out/timeseries_TX.png,ae00d17b7f7530d6
timeseries_png_5c50e4ea,3_visualize/out/timeseries_UT.png,776d9cc710d8aaeb
timeseries_png_88487e2f,3_visualize/out/timeseries_VA.png,556886a966f32b80
timeseries_png_2e2cb2ac,3_visualize/out/timeseries_VT.png,01359f8621f7f9c7
timeseries_png_dfd38d31,3_visualize/out/timeseries_WA.png,b5337eed300ed0f2
timeseries_png_4017e942,3_visualize/out/timeseries_WI.png,177311f5191a3f43
timeseries_png_e078d51e,3_visualize/out/timeseries_WV.png,dace4c5557c138e8
timeseries_png_3de48642,3_visualize/out/timeseries_WY.png,8845d0c94c18ba19
